{
  "chunk_split_s_obs_corr": 0.18939493137127575,
  "chunk_split_b_obs_corr": 0.3360528282084886
}