{
  "source_raw_csv": "results/observations/obs_prev_current_chunk_attention_eager_gpu2_n16_o500_paper/raw_prev_current_attention.csv",
  "aggregation": "query_heads_grouped_by_shared_kv_head",
  "num_query_heads": 28,
  "num_kv_heads": 4,
  "group_size": 7,
  "num_raw_query_rows": 159152,
  "num_raw_kv_rows": 22736,
  "num_layer_kv_heads": 112,
  "num_layers": 28,
  "kv_heads_per_layer": 4,
  "local_global_current_share_corr": 0.9931917456767267,
  "mean_global_minus_local_current_share": 0.007269528315113101,
  "mean_abs_global_minus_local_current_share": 0.010049728346829203,
  "median_abs_global_minus_local_current_share": 0.008516666298249986,
  "s_current_share_mean": 0.23702003150239617,
  "s_current_share_std": 0.09706804755407933,
  "s_current_share_iqr": 0.12532353108437652,
  "s_current_share_quantiles": {
    "0": 0.06100120744325051,
    "0.05": 0.1029889010832336,
    "0.1": 0.1148345767308399,
    "0.25": 0.16409936720068333,
    "0.5": 0.22987440196674838,
    "0.75": 0.28942289828505985,
    "0.9": 0.387821667009435,
    "0.95": 0.410239378610557,
    "1": 0.4783424838466625
  },
  "b_log_per_token_ratio_mean": -2.7069406540923615,
  "b_log_per_token_ratio_std": 0.8789689489793799,
  "b_log_per_token_ratio_quantiles": {
    "0": -4.987899941956426,
    "0.05": -4.096267343076434,
    "0.1": -3.913578710199705,
    "0.25": -3.32911814718544,
    "0.5": -2.6487952828260077,
    "0.75": -2.1631276789027143,
    "0.9": -1.5638261036182364,
    "0.95": -1.3457566782070907,
    "1": 0.0020903541400076188
  },
  "r_per_token_ratio_median": 0.16473405405331304,
  "r_per_token_ratio_quantiles": {
    "0": 0.022627322519521403,
    "0.05": 0.04491911032507624,
    "0.1": 0.049117559461166097,
    "0.25": 0.09011698858910133,
    "0.5": 0.16473405405331304,
    "0.75": 0.3749713217338025,
    "0.9": 1.0214201245829293,
    "0.95": 3.7622677645765927,
    "1": 534353.6481835096
  },
  "mean_current_token_fraction": 0.7408419067708051,
  "median_global_current_to_prev_per_token_ratio": 0.06155137909329318,
  "class_counts": {
    "s_lt_0p25": 63,
    "s_gt_0p75": 0,
    "global_lt_0p25": 61,
    "global_gt_0p75": 0,
    "b_bottom20_memory": 23,
    "b_top20_current": 23,
    "b_mixed": 66,
    "r_gt_1": 12,
    "r_lt_1": 100,
    "r_lt_0p5": 92
  },
  "stability": {
    "video_split_s_obs_corr": 0.9876847035270937,
    "video_split_s_obs_left_videos": [
      0,
      1,
      2,
      3,
      4,
      5,
      6,
      7
    ],
    "video_split_s_obs_right_videos": [
      8,
      9,
      10,
      11,
      12,
      13,
      14,
      15
    ],
    "video_split_b_obs_corr": 0.9898763203773574,
    "video_split_b_obs_left_videos": [
      0,
      1,
      2,
      3,
      4,
      5,
      6,
      7
    ],
    "video_split_b_obs_right_videos": [
      8,
      9,
      10,
      11,
      12,
      13,
      14,
      15
    ],
    "chunk_split_s_obs_corr": 0.686743738572068,
    "chunk_split_b_obs_corr": 0.744601215727587
  },
  "outputs": {
    "raw_kv_csv": "results/observations/obs_prev_current_chunk_attention_eager_gpu2_n16_o500_paper_kv/raw_prev_current_attention_kv.csv",
    "kv_profile_csv": "results/observations/obs_prev_current_chunk_attention_eager_gpu2_n16_o500_paper_kv/kv_head_profile_scores.csv",
    "per_layer_csv": "results/observations/obs_prev_current_chunk_attention_eager_gpu2_n16_o500_paper_kv/per_layer_kv_summary.csv",
    "s_heatmap": "results/observations/obs_prev_current_chunk_attention_eager_gpu2_n16_o500_paper_kv/kv_s_current_share_heatmap.png",
    "b_heatmap": "results/observations/obs_prev_current_chunk_attention_eager_gpu2_n16_o500_paper_kv/kv_b_log_per_token_ratio_heatmap.png",
    "r_heatmap": "results/observations/obs_prev_current_chunk_attention_eager_gpu2_n16_o500_paper_kv/kv_r_per_token_ratio_heatmap.png",
    "local_global_scatter": "results/observations/obs_prev_current_chunk_attention_eager_gpu2_n16_o500_paper_kv/kv_local_global_current_share_scatter.png",
    "s_histogram": "results/observations/obs_prev_current_chunk_attention_eager_gpu2_n16_o500_paper_kv/kv_s_current_share_histogram.png",
    "b_histogram": "results/observations/obs_prev_current_chunk_attention_eager_gpu2_n16_o500_paper_kv/kv_b_log_per_token_ratio_histogram.png",
    "summary_json": "results/observations/obs_prev_current_chunk_attention_eager_gpu2_n16_o500_paper_kv/kv_head_profile_summary.json",
    "stability_json": "results/observations/obs_prev_current_chunk_attention_eager_gpu2_n16_o500_paper_kv/kv_head_profile_stability.json"
  }
}