{
  "video_split_s_obs_corr": 0.9876847035270937,
  "video_split_s_obs_left_videos": [
    0,
    1,
    2,
    3,
    4,
    5,
    6,
    7
  ],
  "video_split_s_obs_right_videos": [
    8,
    9,
    10,
    11,
    12,
    13,
    14,
    15
  ],
  "video_split_b_obs_corr": 0.9898763203773574,
  "video_split_b_obs_left_videos": [
    0,
    1,
    2,
    3,
    4,
    5,
    6,
    7
  ],
  "video_split_b_obs_right_videos": [
    8,
    9,
    10,
    11,
    12,
    13,
    14,
    15
  ],
  "chunk_split_s_obs_corr": 0.686743738572068,
  "chunk_split_b_obs_corr": 0.744601215727587
}