{
  "raw_csv": "results/observations/obs_prev_current_chunk_attention_eager_gpu1_n4_full/raw_prev_current_attention.csv",
  "num_rows": 64288,
  "num_heads": 784,
  "num_layers": 28,
  "heads_per_layer": 28,
  "local_global_current_share_corr": 0.9899170386393905,
  "mean_global_minus_local_current_share": 0.004156403782856641,
  "mean_abs_global_minus_local_current_share": 0.01155188768107763,
  "median_abs_global_minus_local_current_share": 0.008763890764562462,
  "s_current_share_mean": 0.19050227423372001,
  "s_current_share_std": 0.10960802332078544,
  "s_current_share_iqr": 0.12608990578279722,
  "s_current_share_quantiles": {
    "0": 0.010815805325187127,
    "0.05": 0.0595368590641755,
    "0.1": 0.07598768712320807,
    "0.25": 0.11471798347373824,
    "0.5": 0.16719168897933984,
    "0.75": 0.24080788925653546,
    "0.9": 0.3349660068102998,
    "0.95": 0.4029300557858333,
    "1": 0.7102042408432903
  },
  "b_log_per_token_ratio_mean": -3.3027123486459353,
  "b_log_per_token_ratio_std": 1.7727202281152252,
  "b_log_per_token_ratio_quantiles": {
    "0": -25.157898750682612,
    "0.05": -5.527863691284174,
    "0.1": -4.961074379647507,
    "0.25": -4.062713978997193,
    "0.5": -3.1323774417497336,
    "0.75": -2.444335597278161,
    "0.9": -1.7030102013636927,
    "0.95": -1.1640082437760073,
    "1": 3.3664244316107474
  },
  "r_per_token_ratio_median": 0.16757183613136653,
  "r_per_token_ratio_quantiles": {
    "0": 6.700156571243633e-07,
    "0.05": 0.026693305193327677,
    "0.1": 0.03962276035633325,
    "0.25": 0.07910310900570085,
    "0.5": 0.16757183613136653,
    "0.75": 0.6280953590048788,
    "0.9": 4.89241999042499,
    "0.95": 22.572940226230532,
    "1": 7803156.618992995
  },
  "class_counts": {
    "s_lt_0p25": 604,
    "s_gt_0p75": 0,
    "global_lt_0p25": 599,
    "global_gt_0p75": 0,
    "b_bottom20_memory": 157,
    "b_top20_current": 157,
    "b_mixed": 470,
    "r_gt_1": 147,
    "r_lt_1": 635,
    "r_lt_0p5": 563
  },
  "stability": {
    "video_split_s_obs_corr": 0.9445055340128709,
    "video_split_s_obs_left_videos": [
      0,
      1
    ],
    "video_split_s_obs_right_videos": [
      2,
      3
    ],
    "video_split_b_obs_corr": 0.9689597549674396,
    "video_split_b_obs_left_videos": [
      0,
      1
    ],
    "video_split_b_obs_right_videos": [
      2,
      3
    ],
    "chunk_split_s_obs_corr": 0.8217416643548122,
    "chunk_split_b_obs_corr": 0.9399662270117007
  },
  "outputs": {
    "head_scores_csv": "results/observations/obs_prev_current_chunk_attention_eager_gpu1_n4_full/head_profile_scores.csv",
    "s_heatmap": "results/observations/obs_prev_current_chunk_attention_eager_gpu1_n4_full/s_h_query_robust_current_share_heatmap.png",
    "b_heatmap": "results/observations/obs_prev_current_chunk_attention_eager_gpu1_n4_full/b_h_log_per_token_ratio_heatmap.png",
    "r_heatmap": "results/observations/obs_prev_current_chunk_attention_eager_gpu1_n4_full/r_h_per_token_ratio_heatmap.png",
    "local_global_scatter": "results/observations/obs_prev_current_chunk_attention_eager_gpu1_n4_full/local_global_current_share_scatter.png",
    "s_histogram": "results/observations/obs_prev_current_chunk_attention_eager_gpu1_n4_full/s_h_current_share_histogram.png",
    "b_histogram": "results/observations/obs_prev_current_chunk_attention_eager_gpu1_n4_full/b_h_log_per_token_ratio_histogram.png",
    "video_split_s_scatter": "results/observations/obs_prev_current_chunk_attention_eager_gpu1_n4_full/video_split_s_h_stability_scatter.png",
    "video_split_b_scatter": "results/observations/obs_prev_current_chunk_attention_eager_gpu1_n4_full/video_split_b_h_stability_scatter.png",
    "chunk_split_s_scatter": "results/observations/obs_prev_current_chunk_attention_eager_gpu1_n4_full/chunk_split_s_h_stability_scatter.png",
    "chunk_split_b_scatter": "results/observations/obs_prev_current_chunk_attention_eager_gpu1_n4_full/chunk_split_b_h_stability_scatter.png",
    "summary_json": "results/observations/obs_prev_current_chunk_attention_eager_gpu1_n4_full/head_profile_summary.json",
    "stability_json": "results/observations/obs_prev_current_chunk_attention_eager_gpu1_n4_full/head_profile_stability.json"
  }
}