{
  "video_split_s_obs_corr": 0.9886284274220706,
  "video_split_s_obs_left_videos": [
    0,
    1,
    2,
    3,
    4,
    5,
    6,
    7
  ],
  "video_split_s_obs_right_videos": [
    8,
    9,
    10,
    11,
    12,
    13,
    14,
    15
  ],
  "video_split_b_obs_corr": 0.9932586213613479,
  "video_split_b_obs_left_videos": [
    0,
    1,
    2,
    3,
    4,
    5,
    6,
    7
  ],
  "video_split_b_obs_right_videos": [
    8,
    9,
    10,
    11,
    12,
    13,
    14,
    15
  ],
  "chunk_split_s_obs_corr": 0.7374552398847559,
  "chunk_split_b_obs_corr": 0.8459877581870798
}